layer,shape,max_val,best_type,best_error,fp2_e1m0_error,fp3_e1m1_error,fp4_e1m2_error,fp5_e1m3_error,fp6_e1m4_error,fp7_e1m5_error,fp8_e1m6_error,fp3_e2m0_error,fp4_e3m0_error,fp5_e4m0_error,fp6_e5m0_error,fp7_e6m0_error,fp8_e7m0_error
Conv2d_1a_3x3.conv,"(32, 3, 3, 3)",0.4024004340171814,fp8_e1m6,6.906732892275613e-07,0.0025578895583748817,0.0007042224169708788,0.00016585712728556246,4.5932061766507104e-05,1.0427676897961646e-05,2.7094781671621604e-06,6.906732892275613e-07,0.0005200859159231186,0.0004607233568094671,0.00046070298412814736,0.00046070298412814736,0.00046070298412814736,0.00046070298412814736
Conv2d_1a_3x3.bn,"(32,)",1.0,fp2_e1m0,0.0,0.0,0.0,0.0,0.0,0.0,0.0,0.0,0.0,0.0,0.0,0.0,0.0,0.0
Conv2d_2a_3x3.conv,"(32, 32, 3, 3)",0.9853654503822327,fp8_e1m6,2.5349750103487168e-06,0.005572410766035318,0.0021098798606544733,0.0006196618778631091,0.00016083919035736471,4.044298475491814e-05,1.0179925993725192e-05,2.5349750103487168e-06,0.0013305224711075425,0.0009431011276319623,0.0009429248166270554,0.0009429248166270554,0.0009429248166270554,0.0009429248166270554
Conv2d_2a_3x3.bn,"(32,)",1.0,fp2_e1m0,0.0,0.0,0.0,0.0,0.0,0.0,0.0,0.0,0.0,0.0,0.0,0.0,0.0,0.0
Conv2d_2b_3x3.conv,"(64, 32, 3, 3)",0.9677366614341736,fp8_e1m6,1.6121790622491972e-06,0.0033741560764610767,0.0013253070646896958,0.0003984516952186823,0.00010158352233702317,2.596412923594471e-05,6.426352683774894e-06,1.6121790622491972e-06,0.0006982991471886635,0.0004342671309132129,0.0004341725434642285,0.0004341725434642285,0.0004341725434642285,0.0004341725434642285
Conv2d_2b_3x3.bn,"(64,)",1.0,fp2_e1m0,0.0,0.0,0.0,0.0,0.0,0.0,0.0,0.0,0.0,0.0,0.0,0.0,0.0,0.0
Conv2d_3b_1x1.conv,"(80, 64, 1, 1)",1.2027746438980103,fp8_e1m6,3.5645559819386108e-06,0.007110586855560541,0.0025701113045215607,0.0007986521231941879,0.00021576567087322474,5.6690845667617396e-05,1.4550368177879136e-05,3.5645559819386108e-06,0.0016720000421628356,0.0011692721163854003,0.0011689423117786646,0.0011689423117786646,0.0011689423117786646,0.0011689423117786646
Conv2d_3b_1x1.bn,"(80,)",1.0,fp2_e1m0,0.0,0.0,0.0,0.0,0.0,0.0,0.0,0.0,0.0,0.0,0.0,0.0,0.0,0.0
Conv2d_4a_3x3.conv,"(192, 80, 3, 3)",0.7520069479942322,fp8_e1m6,3.948914297779993e-07,0.0008843530085869133,0.0003218281490262598,9.542491898173466e-05,2.514874176995363e-05,6.330894393613562e-06,1.5879912780292216e-06,3.948914297779993e-07,0.0001616780209587887,0.00010182287951465696,0.00010179564560530707,0.00010179564560530707,0.00010179564560530707,0.00010179564560530707
Conv2d_4a_3x3.bn,"(192,)",1.0,fp2_e1m0,0.0,0.0,0.0,0.0,0.0,0.0,0.0,0.0,0.0,0.0,0.0,0.0,0.0,0.0
Mixed_5b.branch1x1.conv,"(64, 192, 1, 1)",0.7762024998664856,fp8_e1m6,1.0657948905645753e-06,0.002777908695861697,0.000925183470826596,0.0002621084568090737,6.89358712406829e-05,1.6968551790341735e-05,4.330921910877805e-06,1.0657948905645753e-06,0.0004756076668854803,0.00032252250821329653,0.0003224589745514095,0.0003224589745514095,0.0003224589745514095,0.0003224589745514095
Mixed_5b.branch1x1.bn,"(64,)",1.0,fp2_e1m0,0.0,0.0,0.0,0.0,0.0,0.0,0.0,0.0,0.0,0.0,0.0,0.0,0.0,0.0
Mixed_5b.branch5x5_1.conv,"(48, 192, 1, 1)",0.6749387383460999,fp8_e1m6,8.069217187767208e-07,0.001342620118521154,0.0005568749038502574,0.0001851157721830532,5.1489914767444134e-05,1.2683656677836552e-05,3.224190777473268e-06,8.069217187767208e-07,0.0002976647228933871,0.0001666759781073779,0.0001665949384914711,0.0001665949384914711,0.0001665949384914711,0.0001665949384914711
Mixed_5b.branch5x5_1.bn,"(48,)",1.0,fp2_e1m0,0.0,0.0,0.0,0.0,0.0,0.0,0.0,0.0,0.0,0.0,0.0,0.0,0.0,0.0
Mixed_5b.branch5x5_2.conv,"(64, 48, 5, 5)",1.1008708477020264,fp8_e1m6,2.9744722951363656e-07,0.0004760592710226774,0.00019647873705253005,6.283808761509135e-05,1.7674701666692272e-05,4.715943305200199e-06,1.1973976370427408e-06,2.9744722951363656e-07,9.793827484827489e-05,5.396552660386078e-05,5.392796083469875e-05,5.392796083469875e-05,5.392796083469875e-05,5.392796083469875e-05
Mixed_5b.branch5x5_2.bn,"(64,)",1.0,fp2_e1m0,0.0,0.0,0.0,0.0,0.0,0.0,0.0,0.0,0.0,0.0,0.0,0.0,0.0,0.0
Mixed_5b.branch3x3dbl_1.conv,"(64, 192, 1, 1)",0.5522279739379883,fp8_e1m6,7.444190259775496e-07,0.0016516223549842834,0.000629645655862987,0.00018271920271217823,4.743895260617137e-05,1.2182033970020711e-05,2.9430211725411937e-06,7.444190259775496e-07,0.00030744890682399273,0.00018963338516186923,0.000189585771295242,0.000189585771295242,0.000189585771295242,0.000189585771295242
Mixed_5b.branch3x3dbl_1.bn,"(64,)",1.0,fp2_e1m0,0.0,0.0,0.0,0.0,0.0,0.0,0.0,0.0,0.0,0.0,0.0,0.0,0.0,0.0
Mixed_5b.branch3x3dbl_2.conv,"(96, 64, 3, 3)",0.5184788107872009,fp8_e1m6,2.485924142092699e-07,0.0005948859616182745,0.0002211136743426323,6.236065382836387e-05,1.6090622011688538e-05,4.0044433262664825e-06,1.015316229313612e-06,2.485924142092699e-07,0.00010670090705389157,6.76848940202035e-05,6.767236482119188e-05,6.767236482119188e-05,6.767236482119188e-05,6.767236482119188e-05
Mixed_5b.branch3x3dbl_2.bn,"(96,)",1.0,fp2_e1m0,0.0,0.0,0.0,0.0,0.0,0.0,0.0,0.0,0.0,0.0,0.0,0.0,0.0,0.0
Mixed_5b.branch3x3dbl_3.conv,"(96, 96, 3, 3)",0.3756040930747986,fp8_e1m6,1.3480791949405102e-07,0.0003658639907371253,0.00012601703929249197,3.391955033293925e-05,8.735952178540174e-06,2.1813507373735774e-06,5.457158067656565e-07,1.3480791949405102e-07,5.9190344472881407e-05,3.9508522604592144e-05,3.950189784518443e-05,3.950189784518443e-05,3.950189784518443e-05,3.950189784518443e-05
Mixed_5b.branch3x3dbl_3.bn,"(96,)",1.0,fp2_e1m0,0.0,0.0,0.0,0.0,0.0,0.0,0.0,0.0,0.0,0.0,0.0,0.0,0.0,0.0
Mixed_5b.branch_pool.conv,"(32, 192, 1, 1)",0.6163111925125122,fp8_e1m6,8.476924335809599e-07,0.0014728589449077845,0.0005856823408976197,0.0001982382673304528,5.212505493545905e-05,1.363098908768734e-05,3.3618057386775035e-06,8.476924335809599e-07,0.00033814291236922145,0.0001981381792575121,0.000198055335204117,0.000198055335204117,0.000198055335204117,0.000198055335204117
Mixed_5b.branch_pool.bn,"(32,)",1.0,fp2_e1m0,0.0,0.0,0.0,0.0,0.0,0.0,0.0,0.0,0.0,0.0,0.0,0.0,0.0,0.0
Mixed_5c.branch1x1.conv,"(64, 256, 1, 1)",0.7529245615005493,fp8_e1m6,1.130017494688218e-06,0.0023549660108983517,0.0008830004371702671,0.000265846261754632,7.157937216106802e-05,1.850637090683449e-05,4.551901383820223e-06,1.130017494688218e-06,0.000440876348875463,0.0002699110482353717,0.00026982714189216495,0.00026982714189216495,0.00026982714189216495,0.00026982714189216495
Mixed_5c.branch1x1.bn,"(64,)",1.0,fp2_e1m0,0.0,0.0,0.0,0.0,0.0,0.0,0.0,0.0,0.0,0.0,0.0,0.0,0.0,0.0
Mixed_5c.branch5x5_1.conv,"(48, 256, 1, 1)",0.6950880289077759,fp8_e1m6,6.253010269574588e-07,0.0012620114721357822,0.000506273121573031,0.00015234408783726394,4.069240458193235e-05,9.993173989641946e-06,2.556231947892229e-06,6.253010269574588e-07,0.00024935149122029543,0.00014602128067053854,0.00014597868721466511,0.00014597868721466511,0.00014597868721466511,0.00014597868721466511
Mixed_5c.branch5x5_1.bn,"(48,)",1.0,fp2_e1m0,0.0,0.0,0.0,0.0,0.0,0.0,0.0,0.0,0.0,0.0,0.0,0.0,0.0,0.0
Mixed_5c.branch5x5_2.conv,"(64, 48, 5, 5)",0.4765673577785492,fp8_e1m6,1.9716949850590026e-07,0.00036775413900613785,0.0001535960182081908,4.727956184069626e-05,1.2429080015863292e-05,3.123485612377408e-06,7.775025778755662e-07,1.9716949850590026e-07,7.214862125692889e-05,3.9394577470375225e-05,3.9380192902171984e-05,3.9380192902171984e-05,3.9380192902171984e-05,3.9380192902171984e-05
Mixed_5c.branch5x5_2.bn,"(64,)",1.0,fp2_e1m0,0.0,0.0,0.0,0.0,0.0,0.0,0.0,0.0,0.0,0.0,0.0,0.0,0.0,0.0
Mixed_5c.branch3x3dbl_1.conv,"(64, 256, 1, 1)",0.37923985719680786,fp8_e1m6,4.1902347902578185e-07,0.0010179929668083787,0.000378768949303776,0.00010531255975365639,2.7022178983315825e-05,6.7806295191985555e-06,1.683198661339702e-06,4.1902347902578185e-07,0.00017174445383716375,0.00010694585216697305,0.00010692497016862035,0.00010692497016862035,0.00010692497016862035,0.00010692497016862035
Mixed_5c.branch3x3dbl_1.bn,"(64,)",1.0,fp2_e1m0,0.0,0.0,0.0,0.0,0.0,0.0,0.0,0.0,0.0,0.0,0.0,0.0,0.0,0.0
Mixed_5c.branch3x3dbl_2.conv,"(96, 64, 3, 3)",0.35057613253593445,fp8_e1m6,1.6034202587889013e-07,0.00046720163663849235,0.00015464742318727076,4.090916263521649e-05,1.015620455291355e-05,2.5635508791310713e-06,6.439678372771596e-07,1.6034202587889013e-07,7.420390465995297e-05,5.169608266442083e-05,5.1689257816178724e-05,5.1689257816178724e-05,5.1689257816178724e-05,5.1689257816178724e-05
Mixed_5c.branch3x3dbl_2.bn,"(96,)",1.0,fp2_e1m0,0.0,0.0,0.0,0.0,0.0,0.0,0.0,0.0,0.0,0.0,0.0,0.0,0.0,0.0
Mixed_5c.branch3x3dbl_3.conv,"(96, 96, 3, 3)",0.3173360526561737,fp8_e1m6,1.0669712224853356e-07,0.00033628681558184326,0.00010413239942863584,2.7130177841172554e-05,6.816379936935846e-06,1.6956308854787494e-06,4.275331946246297e-07,1.0669712224853356e-07,5.106988828629255e-05,3.7350891943788156e-05,3.7346628232626244e-05,3.7346628232626244e-05,3.7346628232626244e-05,3.7346628232626244e-05
Mixed_5c.branch3x3dbl_3.bn,"(96,)",1.0,fp2_e1m0,0.0,0.0,0.0,0.0,0.0,0.0,0.0,0.0,0.0,0.0,0.0,0.0,0.0,0.0
Mixed_5c.branch_pool.conv,"(64, 256, 1, 1)",0.5061038136482239,fp8_e1m6,4.984590873391426e-07,0.001001053024083376,0.0003836248361039907,0.00011695146531565115,3.112384001724422e-05,7.862721759011038e-06,1.9724461708392482e-06,4.984590873391426e-07,0.00018846787861548364,0.00011038689990527928,0.00011035173520212993,0.00011035173520212993,0.00011035173520212993,0.00011035173520212993
Mixed_5c.branch_pool.bn,"(64,)",1.0,fp2_e1m0,0.0,0.0,0.0,0.0,0.0,0.0,0.0,0.0,0.0,0.0,0.0,0.0,0.0,0.0
Mixed_5d.branch1x1.conv,"(64, 288, 1, 1)",0.9322352409362793,fp8_e1m6,8.705254685992259e-07,0.0018346032593399286,0.0006729484884999692,0.00020573288202285767,5.468343442771584e-05,1.4086732335272245e-05,3.4368633805570425e-06,8.705254685992259e-07,0.00036661187186837196,0.00023330003023147583,0.00023323975619859993,0.00023323975619859993,0.00023323975619859993,0.00023323975619859993
Mixed_5d.branch1x1.bn,"(64,)",1.0,fp2_e1m0,0.0,0.0,0.0,0.0,0.0,0.0,0.0,0.0,0.0,0.0,0.0,0.0,0.0,0.0
Mixed_5d.branch5x5_1.conv,"(48, 288, 1, 1)",0.36848604679107666,fp8_e1m6,5.363006607694842e-07,0.0013609861489385366,0.0004822895280085504,0.00013357290299609303,3.451019438216463e-05,8.420926860708278e-06,2.1790506252727937e-06,5.363006607694842e-07,0.00023558344400953501,0.00015534705016762018,0.00015531759709119797,0.00015531759709119797,0.00015531759709119797,0.00015531759709119797
Mixed_5d.branch5x5_1.bn,"(48,)",1.0,fp2_e1m0,0.0,0.0,0.0,0.0,0.0,0.0,0.0,0.0,0.0,0.0,0.0,0.0,0.0,0.0
Mixed_5d.branch5x5_2.conv,"(64, 48, 5, 5)",0.30105656385421753,fp8_e1m6,2.0371027176224743e-07,0.0004909147974103689,0.0001827019004849717,5.193202377995476e-05,1.3084992133371998e-05,3.273286893090699e-06,8.116234084809548e-07,2.0371027176224743e-07,8.61427906784229e-05,5.374578176997602e-05,5.3734966058982536e-05,5.3734966058982536e-05,5.3734966058982536e-05,5.3734966058982536e-05
Mixed_5d.branch5x5_2.bn,"(64,)",1.0,fp2_e1m0,0.0,0.0,0.0,0.0,0.0,0.0,0.0,0.0,0.0,0.0,0.0,0.0,0.0,0.0
Mixed_5d.branch3x3dbl_1.conv,"(64, 288, 1, 1)",0.6697796583175659,fp8_e1m6,5.99775489718013e-07,0.0010404138593003154,0.0004190075269434601,0.00013489651610143483,3.7249170418363065e-05,9.377717105962802e-06,2.3433633487002226e-06,5.99775489718013e-07,0.00022418895969167352,0.0001299624127568677,0.0001299097202718258,0.0001299097202718258,0.0001299097202718258,0.0001299097202718258
Mixed_5d.branch3x3dbl_1.bn,"(64,)",1.0,fp2_e1m0,0.0,0.0,0.0,0.0,0.0,0.0,0.0,0.0,0.0,0.0,0.0,0.0,0.0,0.0
Mixed_5d.branch3x3dbl_2.conv,"(96, 64, 3, 3)",0.4228837788105011,fp8_e1m6,2.4372241114178905e-07,0.0005919121904298663,0.00021477695554494858,6.133953138487414e-05,1.5882778825471178e-05,3.958246452384628e-06,9.825080269365571e-07,2.4372241114178905e-07,0.00010703483712859452,6.889537326060236e-05,6.888151256134734e-05,6.888151256134734e-05,6.888151256134734e-05,6.888151256134734e-05
Mixed_5d.branch3x3dbl_2.bn,"(96,)",1.0,fp2_e1m0,0.0,0.0,0.0,0.0,0.0,0.0,0.0,0.0,0.0,0.0,0.0,0.0,0.0,0.0
Mixed_5d.branch3x3dbl_3.conv,"(96, 96, 3, 3)",0.4213325083255768,fp8_e1m6,1.4602538556118816e-07,0.00042026344453915954,0.00014051597099751234,3.7492081901291385e-05,9.321963261754718e-06,2.338420927117113e-06,5.84353358590306e-07,1.4602538556118816e-07,7.155662024160847e-05,5.089978003525175e-05,5.089350088383071e-05,5.089350088383071e-05,5.089350088383071e-05,5.089350088383071e-05
Mixed_5d.branch3x3dbl_3.bn,"(96,)",1.0,fp2_e1m0,0.0,0.0,0.0,0.0,0.0,0.0,0.0,0.0,0.0,0.0,0.0,0.0,0.0,0.0
Mixed_5d.branch_pool.conv,"(64, 288, 1, 1)",0.6692612767219543,fp8_e1m6,5.429361635833629e-07,0.0012101993197575212,0.0004541474627330899,0.0001323348406003788,3.468992144917138e-05,8.666088433528785e-06,2.1605403617286356e-06,5.429361635833629e-07,0.00022632158652413636,0.0001416865416103974,0.00014165403263177723,0.00014165403263177723,0.00014165403263177723,0.00014165403263177723
Mixed_5d.branch_pool.bn,"(64,)",1.0,fp2_e1m0,0.0,0.0,0.0,0.0,0.0,0.0,0.0,0.0,0.0,0.0,0.0,0.0,0.0,0.0
Mixed_6a.branch3x3.conv,"(384, 288, 3, 3)",0.4292451739311218,fp8_e1m6,2.574627799845075e-08,8.068347233347595e-05,2.4996663341880776e-05,6.546429176523816e-06,1.6468126204927103e-06,4.1105607806457556e-07,1.0304211173206568e-07,2.574627799845075e-08,1.3043091712461319e-05,9.73905116552487e-06,9.738044354890008e-06,9.738044354890008e-06,9.738044354890008e-06,9.738044354890008e-06
Mixed_6a.branch3x3.bn,"(384,)",1.0,fp2_e1m0,0.0,0.0,0.0,0.0,0.0,0.0,0.0,0.0,0.0,0.0,0.0,0.0,0.0,0.0
Mixed_6a.branch3x3dbl_1.conv,"(64, 288, 1, 1)",0.4034551680088043,fp8_e1m6,3.8770568266954797e-07,0.001050397171638906,0.00037048678495921195,0.00010011506674345583,2.4882385332603008e-05,6.3020220295584295e-06,1.5420246199937537e-06,3.8770568266954797e-07,0.0001674854865996167,0.00010909065167652443,0.0001090753503376618,0.0001090753503376618,0.0001090753503376618,0.0001090753503376618
Mixed_6a.branch3x3dbl_1.bn,"(64,)",1.0,fp2_e1m0,0.0,0.0,0.0,0.0,0.0,0.0,0.0,0.0,0.0,0.0,0.0,0.0,0.0,0.0
Mixed_6a.branch3x3dbl_2.conv,"(96, 64, 3, 3)",0.3334583640098572,fp8_e1m6,1.4005675552652974e-07,0.00041884853271767497,0.0001330413797404617,3.5644312447402626e-05,8.968617294158321e-06,2.2308918232738506e-06,5.573969588112959e-07,1.4005675552652974e-07,6.606370152439922e-05,4.717089541372843e-05,4.71652383566834e-05,4.71652383566834e-05,4.71652383566834e-05,4.71652383566834e-05
Mixed_6a.branch3x3dbl_2.bn,"(96,)",1.0,fp2_e1m0,0.0,0.0,0.0,0.0,0.0,0.0,0.0,0.0,0.0,0.0,0.0,0.0,0.0,0.0
Mixed_6a.branch3x3dbl_3.conv,"(96, 96, 3, 3)",0.19667574763298035,fp8_e1m6,6.559754694990261e-08,0.00022367300698533654,6.670846050838009e-05,1.6936144675128162e-05,4.239351710566552e-06,1.0542602240093402e-06,2.643731420448603e-07,6.559754694990261e-08,3.545229265000671e-05,2.749314808170311e-05,2.749099257925991e-05,2.749099257925991e-05,2.749099257925991e-05,2.749099257925991e-05
Mixed_6a.branch3x3dbl_3.bn,"(96,)",1.0,fp2_e1m0,0.0,0.0,0.0,0.0,0.0,0.0,0.0,0.0,0.0,0.0,0.0,0.0,0.0,0.0
Mixed_6b.branch1x1.conv,"(192, 768, 1, 1)",0.631376326084137,fp8_e1m6,2.994876524553547e-07,0.0006074305856600404,0.0002273780555697158,6.817366374889389e-05,1.8635817468748428e-05,4.7790358621568885e-06,1.1992163990726112e-06,2.994876524553547e-07,0.00011353864829288796,6.934371049283072e-05,6.931703683221713e-05,6.931703683221713e-05,6.931703683221713e-05,6.931703683221713e-05
Mixed_6b.branch1x1.bn,"(192,)",1.0,fp2_e1m0,0.0,0.0,0.0,0.0,0.0,0.0,0.0,0.0,0.0,0.0,0.0,0.0,0.0,0.0
Mixed_6b.branch7x7_1.conv,"(128, 768, 1, 1)",0.4722757041454315,fp8_e1m6,1.663107980220957e-07,0.0004075805190950632,0.00014917297812644392,4.178404560661875e-05,1.068409164872719e-05,2.6726511350716464e-06,6.655245670117438e-07,1.663107980220957e-07,6.905060581630096e-05,4.314380930736661e-05,4.313489989726804e-05,4.313489989726804e-05,4.313489989726804e-05,4.313489989726804e-05
Mixed_6b.branch7x7_1.bn,"(128,)",1.0,fp2_e1m0,0.0,0.0,0.0,0.0,0.0,0.0,0.0,0.0,0.0,0.0,0.0,0.0,0.0,0.0
Mixed_6b.branch7x7_2.conv,"(128, 128, 1, 7)",0.44173192977905273,fp8_e1m6,1.8215695263279486e-07,0.00040091716800816357,0.0001543541147839278,4.517277920967899e-05,1.1685657227644697e-05,2.927525429186062e-06,7.316274377444643e-07,1.8215695263279486e-07,7.257933611981571e-05,4.315127807785757e-05,4.313937097322196e-05,4.313937097322196e-05,4.313937097322196e-05,4.313937097322196e-05
Mixed_6b.branch7x7_2.bn,"(128,)",1.0,fp2_e1m0,0.0,0.0,0.0,0.0,0.0,0.0,0.0,0.0,0.0,0.0,0.0,0.0,0.0,0.0
Mixed_6b.branch7x7_3.conv,"(192, 128, 7, 1)",0.36736780405044556,fp8_e1m6,1.4992890839948814e-07,0.0003656792105175555,0.0001320977753493935,3.751576514332555e-05,9.621721801522654e-06,2.3997674816200742e-06,5.999304448778275e-07,1.4992890839948814e-07,6.256219057831913e-05,3.954596832045354e-05,3.953742270823568e-05,3.953742270823568e-05,3.953742270823568e-05,3.953742270823568e-05
Mixed_6b.branch7x7_3.bn,"(192,)",1.0,fp2_e1m0,0.0,0.0,0.0,0.0,0.0,0.0,0.0,0.0,0.0,0.0,0.0,0.0,0.0,0.0
Mixed_6b.branch7x7dbl_1.conv,"(128, 768, 1, 1)",0.5253962874412537,fp8_e1m6,1.265005096229288e-07,0.0002917820238508284,0.00010679266415536404,3.088676749030128e-05,8.04581395641435e-06,2.0412931007740553e-06,5.115619501339097e-07,1.265005096229288e-07,4.9292892072116956e-05,2.9811926651746035e-05,2.980386489070952e-05,2.980386489070952e-05,2.980386489070952e-05,2.980386489070952e-05
Mixed_6b.branch7x7dbl_1.bn,"(128,)",1.0,fp2_e1m0,0.0,0.0,0.0,0.0,0.0,0.0,0.0,0.0,0.0,0.0,0.0,0.0,0.0,0.0
Mixed_6b.branch7x7dbl_2.conv,"(128, 128, 7, 1)",0.4395962059497833,fp8_e1m6,1.1207846029037682e-07,0.00025321549037471414,9.493265679338947e-05,2.7702239094651304e-05,7.2703119258221705e-06,1.8022676613327349e-06,4.4839856627731933e-07,1.1207846029037682e-07,4.3854452087543905e-05,2.6076229914906435e-05,2.6069514206028543e-05,2.6069514206028543e-05,2.6069514206028543e-05,2.6069514206028543e-05
Mixed_6b.branch7x7dbl_2.bn,"(128,)",1.0,fp2_e1m0,0.0,0.0,0.0,0.0,0.0,0.0,0.0,0.0,0.0,0.0,0.0,0.0,0.0,0.0
Mixed_6b.branch7x7dbl_3.conv,"(128, 128, 1, 7)",0.36243897676467896,fp8_e1m6,1.2151842554430914e-07,0.00025200212257914245,0.00010057639156002551,3.053557884413749e-05,7.733183338132221e-06,1.946016254805727e-06,4.858601982959954e-07,1.2151842554430914e-07,4.81739807582926e-05,2.754463093879167e-05,2.7536585548659787e-05,2.7536585548659787e-05,2.7536585548659787e-05,2.7536585548659787e-05
Mixed_6b.branch7x7dbl_3.bn,"(128,)",1.0,fp2_e1m0,0.0,0.0,0.0,0.0,0.0,0.0,0.0,0.0,0.0,0.0,0.0,0.0,0.0,0.0
Mixed_6b.branch7x7dbl_4.conv,"(128, 128, 7, 1)",0.30850690603256226,fp8_e1m6,1.1335806249235247e-07,0.0002519988629501313,9.642689838074148e-05,2.800628135446459e-05,7.269404250109801e-06,1.8066909888148075e-06,4.560057504932047e-07,1.1335806249235247e-07,4.439598342287354e-05,2.6263256586389616e-05,2.6256131604895927e-05,2.6256131604895927e-05,2.6256131604895927e-05,2.6256131604895927e-05
Mixed_6b.branch7x7dbl_4.bn,"(128,)",1.0,fp2_e1m0,0.0,0.0,0.0,0.0,0.0,0.0,0.0,0.0,0.0,0.0,0.0,0.0,0.0,0.0
Mixed_6b.branch7x7dbl_5.conv,"(192, 128, 1, 7)",0.32415130734443665,fp8_e1m6,8.945266927185003e-08,0.00021387606102507561,7.840131729608402e-05,2.2303152945823967e-05,5.6805570238793734e-06,1.4158662224872387e-06,3.55190138634498e-07,8.945266927185003e-08,3.596545502659865e-05,2.2056983652873896e-05,2.205198325100355e-05,2.205198325100355e-05,2.205198325100355e-05,2.205198325100355e-05
Mixed_6b.branch7x7dbl_5.bn,"(192,)",1.0,fp2_e1m0,0.0,0.0,0.0,0.0,0.0,0.0,0.0,0.0,0.0,0.0,0.0,0.0,0.0,0.0
Mixed_6b.branch_pool.conv,"(192, 768, 1, 1)",0.5236197710037231,fp8_e1m6,1.8730449369286362e-07,0.00043807312613353133,0.00016111375589389354,4.611500844475813e-05,1.199013422592543e-05,3.017194558196934e-06,7.540495516877854e-07,1.8730449369286362e-07,7.637305679963902e-05,4.76855129818432e-05,4.7674217057647184e-05,4.7674217057647184e-05,4.7674217057647184e-05,4.7674217057647184e-05
Mixed_6b.branch_pool.bn,"(192,)",1.0,fp2_e1m0,0.0,0.0,0.0,0.0,0.0,0.0,0.0,0.0,0.0,0.0,0.0,0.0,0.0,0.0
Mixed_6c.branch1x1.conv,"(192, 768, 1, 1)",0.4800514578819275,fp8_e1m6,2.539329102546617e-07,0.0007036713068373501,0.00023676517594140023,6.472181848948821e-05,1.6250438420684077e-05,4.061468189320294e-06,1.0151711649086792e-06,2.539329102546617e-07,0.00011291458213236183,7.570608431706205e-05,7.5694260885939e-05,7.5694260885939e-05,7.5694260885939e-05,7.5694260885939e-05
Mixed_6c.branch1x1.bn,"(192,)",1.0,fp2_e1m0,0.0,0.0,0.0,0.0,0.0,0.0,0.0,0.0,0.0,0.0,0.0,0.0,0.0,0.0
Mixed_6c.branch7x7_1.conv,"(160, 768, 1, 1)",0.5546267032623291,fp8_e1m6,1.7396646967426932e-07,0.00041021802462637424,0.00014518115494865924,4.1708593926159665e-05,1.1096713024016935e-05,2.7825335564557463e-06,6.949638304831751e-07,1.7396646967426932e-07,7.124881813069806e-05,4.577209983835928e-05,4.5760349166812375e-05,4.5760349166812375e-05,4.5760349166812375e-05,4.5760349166812375e-05
Mixed_6c.branch7x7_1.bn,"(160,)",1.0,fp2_e1m0,0.0,0.0,0.0,0.0,0.0,0.0,0.0,0.0,0.0,0.0,0.0,0.0,0.0,0.0
Mixed_6c.branch7x7_2.conv,"(160, 160, 1, 7)",0.405011922121048,fp8_e1m6,1.3463751713516103e-07,0.0003162065695505589,0.0001189943723147735,3.388273762539029e-05,8.643332876090426e-06,2.1444905087264488e-06,5.356885139917722e-07,1.3463751713516103e-07,5.539967605727725e-05,3.385704985703342e-05,3.384953743079677e-05,3.384953743079677e-05,3.384953743079677e-05,3.384953743079677e-05
Mixed_6c.branch7x7_2.bn,"(160,)",1.0,fp2_e1m0,0.0,0.0,0.0,0.0,0.0,0.0,0.0,0.0,0.0,0.0,0.0,0.0,0.0,0.0
Mixed_6c.branch7x7_3.conv,"(192, 160, 7, 1)",0.35951337218284607,fp8_e1m6,1.3714057445213257e-07,0.0003152098797727376,0.00011759751942008734,3.417916741454974e-05,8.728104148758575e-06,2.1862986159248976e-06,5.487406724569155e-07,1.3714057445213257e-07,5.50129589100834e-05,3.325058059999719e-05,3.324246426927857e-05,3.324246426927857e-05,3.324246426927857e-05,3.324246426927857e-05
Mixed_6c.branch7x7_3.bn,"(192,)",1.0,fp2_e1m0,0.0,0.0,0.0,0.0,0.0,0.0,0.0,0.0,0.0,0.0,0.0,0.0,0.0,0.0
Mixed_6c.branch7x7dbl_1.conv,"(160, 768, 1, 1)",0.7497521042823792,fp8_e1m6,1.6929054424963397e-07,0.00030569342197850347,0.00011670459934975952,3.7459907616721466e-05,1.0502579243620858e-05,2.6944285309582483e-06,6.701002916997822e-07,1.6929054424963397e-07,6.0589292843360454e-05,3.512488183332607e-05,3.5109089367324486e-05,3.5109089367324486e-05,3.5109089367324486e-05,3.5109089367324486e-05
Mixed_6c.branch7x7dbl_1.bn,"(160,)",1.0,fp2_e1m0,0.0,0.0,0.0,0.0,0.0,0.0,0.0,0.0,0.0,0.0,0.0,0.0,0.0,0.0
Mixed_6c.branch7x7dbl_2.conv,"(160, 160, 7, 1)",0.37587717175483704,fp8_e1m6,7.820985814532833e-08,0.0001930840953718871,7.068297418300062e-05,1.9707427782122977e-05,5.05094203617773e-06,1.2528338402262307e-06,3.154407011152216e-07,7.820985814532833e-08,3.251858288422227e-05,2.0392588339746e-05,2.0388337361509912e-05,2.0388337361509912e-05,2.0388337361509912e-05,2.0388337361509912e-05
Mixed_6c.branch7x7dbl_2.bn,"(160,)",1.0,fp2_e1m0,0.0,0.0,0.0,0.0,0.0,0.0,0.0,0.0,0.0,0.0,0.0,0.0,0.0,0.0
Mixed_6c.branch7x7dbl_3.conv,"(160, 160, 1, 7)",0.30683308839797974,fp8_e1m6,8.174566090701774e-08,0.00017290550749748945,6.695358752040192e-05,2.0077744920854457e-05,5.189480361877941e-06,1.3015320519116358e-06,3.2499440294486703e-07,8.174566090701774e-08,3.196998659404926e-05,1.8700913642533123e-05,1.869530569820199e-05,1.869530569820199e-05,1.869530569820199e-05,1.869530569820199e-05
Mixed_6c.branch7x7dbl_3.bn,"(160,)",1.0,fp2_e1m0,0.0,0.0,0.0,0.0,0.0,0.0,0.0,0.0,0.0,0.0,0.0,0.0,0.0,0.0
Mixed_6c.branch7x7dbl_4.conv,"(160, 160, 7, 1)",0.3634969890117645,fp8_e1m6,6.508445693498288e-08,0.00016525672981515527,5.8684130635811016e-05,1.6475756638101302e-05,4.15928798247478e-06,1.0397251344329561e-06,2.5839307227215613e-07,6.508445693498288e-08,2.733799919951707e-05,1.738717946864199e-05,1.7383719750796445e-05,1.7383719750796445e-05,1.7383719750796445e-05,1.7383719750796445e-05
Mixed_6c.branch7x7dbl_4.bn,"(160,)",1.0,fp2_e1m0,0.0,0.0,0.0,0.0,0.0,0.0,0.0,0.0,0.0,0.0,0.0,0.0,0.0,0.0
Mixed_6c.branch7x7dbl_5.conv,"(192, 160, 1, 7)",0.34810882806777954,fp8_e1m6,7.158515558103318e-08,0.00015348468150477856,5.8047997299581766e-05,1.693176818662323e-05,4.478402843233198e-06,1.1358690699125873e-06,2.842205901743e-07,7.158515558103318e-08,2.767226214928087e-05,1.6800508092273958e-05,1.679536399024073e-05,1.679536399024073e-05,1.679536399024073e-05,1.679536399024073e-05
Mixed_6c.branch7x7dbl_5.bn,"(192,)",1.0,fp2_e1m0,0.0,0.0,0.0,0.0,0.0,0.0,0.0,0.0,0.0,0.0,0.0,0.0,0.0,0.0
Mixed_6c.branch_pool.conv,"(192, 768, 1, 1)",0.5668347477912903,fp8_e1m6,1.6362787391699385e-07,0.000496029737405479,0.00015614673611707985,4.141104000154883e-05,1.0534608009038493e-05,2.606908083180315e-06,6.578905527021561e-07,1.6362787391699385e-07,7.525319961132482e-05,5.3582145483233035e-05,5.357491681934334e-05,5.357491681934334e-05,5.357491681934334e-05,5.357491681934334e-05
Mixed_6c.branch_pool.bn,"(192,)",1.0,fp2_e1m0,0.0,0.0,0.0,0.0,0.0,0.0,0.0,0.0,0.0,0.0,0.0,0.0,0.0,0.0
Mixed_6d.branch1x1.conv,"(192, 768, 1, 1)",0.9816007614135742,fp8_e1m6,2.2216984518763638e-07,0.0006541928742080927,0.00021186971571296453,5.6359058362431824e-05,1.4121435924607795e-05,3.549559323801077e-06,8.878462267603027e-07,2.2216984518763638e-07,0.00010303440649295226,7.247117900988087e-05,7.24615529179573e-05,7.24615529179573e-05,7.24615529179573e-05,7.24615529179573e-05
Mixed_6d.branch1x1.bn,"(192,)",1.0,fp2_e1m0,0.0,0.0,0.0,0.0,0.0,0.0,0.0,0.0,0.0,0.0,0.0,0.0,0.0,0.0
Mixed_6d.branch7x7_1.conv,"(160, 768, 1, 1)",0.31705257296562195,fp8_e1m6,1.360144494810811e-07,0.00039205237408168614,0.00012860714923590422,3.508591544232331e-05,8.796772817731835e-06,2.1896780708630104e-06,5.477461400005268e-07,1.360144494810811e-07,6.193192530190572e-05,4.24245408794377e-05,4.2419029341544956e-05,4.2419029341544956e-05,4.2419029341544956e-05,4.2419029341544956e-05
Mixed_6d.branch7x7_1.bn,"(160,)",1.0,fp2_e1m0,0.0,0.0,0.0,0.0,0.0,0.0,0.0,0.0,0.0,0.0,0.0,0.0,0.0,0.0
Mixed_6d.branch7x7_2.conv,"(160, 160, 1, 7)",0.3880642056465149,fp8_e1m6,1.2769091028985713e-07,0.0002888871531467885,0.00010886213567573577,3.162598659400828e-05,8.215975867642555e-06,2.043240783677902e-06,5.127895974510466e-07,1.2769091028985713e-07,5.087516183266416e-05,3.0562154279323295e-05,3.055433990084566e-05,3.055433990084566e-05,3.055433990084566e-05,3.055433990084566e-05
Mixed_6d.branch7x7_2.bn,"(160,)",1.0,fp2_e1m0,0.0,0.0,0.0,0.0,0.0,0.0,0.0,0.0,0.0,0.0,0.0,0.0,0.0,0.0
Mixed_6d.branch7x7_3.conv,"(192, 160, 7, 1)",0.360064834356308,fp8_e1m6,1.0824899732142512e-07,0.00029867596458643675,0.0001009509724099189,2.7372499971534126e-05,6.911296168254921e-06,1.7329037973468076e-06,4.30792766792365e-07,1.0824899732142512e-07,4.542753958958201e-05,2.9708911824855022e-05,2.9703705877182074e-05,2.9703705877182074e-05,2.9703705877182074e-05,2.9703705877182074e-05
Mixed_6d.branch7x7_3.bn,"(192,)",1.0,fp2_e1m0,0.0,0.0,0.0,0.0,0.0,0.0,0.0,0.0,0.0,0.0,0.0,0.0,0.0,0.0
Mixed_6d.branch7x7dbl_1.conv,"(160, 768, 1, 1)",0.8363191485404968,fp8_e1m6,1.8680087521261157e-07,0.0005053592612966895,0.00016678655811119825,4.642070416593924e-05,1.1965931662416551e-05,3.0052842703298666e-06,7.45780823763198e-07,1.8680087521261157e-07,8.440641249762848e-05,5.792671436211094e-05,5.7917106460081413e-05,5.7917106460081413e-05,5.7917106460081413e-05,5.7917106460081413e-05
Mixed_6d.branch7x7dbl_1.bn,"(160,)",1.0,fp2_e1m0,0.0,0.0,0.0,0.0,0.0,0.0,0.0,0.0,0.0,0.0,0.0,0.0,0.0,0.0
Mixed_6d.branch7x7dbl_2.conv,"(160, 160, 7, 1)",0.406038373708725,fp8_e1m6,1.2094642443116754e-07,0.00032086402643471956,0.00011032190377591178,3.061544703086838e-05,7.7496906669694e-06,1.9425917798798764e-06,4.825544124287262e-07,1.2094642443116754e-07,5.215676355874166e-05,3.423265661695041e-05,3.422692680032924e-05,3.422692680032924e-05,3.422692680032924e-05,3.422692680032924e-05
Mixed_6d.branch7x7dbl_2.bn,"(160,)",1.0,fp2_e1m0,0.0,0.0,0.0,0.0,0.0,0.0,0.0,0.0,0.0,0.0,0.0,0.0,0.0,0.0
Mixed_6d.branch7x7dbl_3.conv,"(160, 160, 1, 7)",0.3756789267063141,fp8_e1m6,1.1924063869628299e-07,0.00031738789402879775,0.0001108071010094136,3.0199100365280174e-05,7.702542461629491e-06,1.91511026059743e-06,4.808122184840613e-07,1.1924063869628299e-07,5.058949318481609e-05,3.2796051527839154e-05,3.279035081504844e-05,3.279035081504844e-05,3.279035081504844e-05,3.279035081504844e-05
Mixed_6d.branch7x7dbl_3.bn,"(160,)",1.0,fp2_e1m0,0.0,0.0,0.0,0.0,0.0,0.0,0.0,0.0,0.0,0.0,0.0,0.0,0.0,0.0
Mixed_6d.branch7x7dbl_4.conv,"(160, 160, 7, 1)",0.5334492325782776,fp8_e1m6,1.1703573221666375e-07,0.0003093060804530978,0.00010566670971456915,2.9043600079603493e-05,7.417740562232211e-06,1.881930984382052e-06,4.680902918607899e-07,1.1703573221666375e-07,4.959492798661813e-05,3.279869633843191e-05,3.2791998819448054e-05,3.2791998819448054e-05,3.2791998819448054e-05,3.2791998819448054e-05
Mixed_6d.branch7x7dbl_4.bn,"(160,)",1.0,fp2_e1m0,0.0,0.0,0.0,0.0,0.0,0.0,0.0,0.0,0.0,0.0,0.0,0.0,0.0,0.0
Mixed_6d.branch7x7dbl_5.conv,"(192, 160, 1, 7)",0.45567646622657776,fp8_e1m6,1.0333852173971536e-07,0.000291000003926456,9.630263957660645e-05,2.6044906917377375e-05,6.655281140410807e-06,1.656705762798083e-06,4.133547690798878e-07,1.0333852173971536e-07,4.588143201544881e-05,3.128319440293126e-05,3.1278370443033054e-05,3.1278370443033054e-05,3.1278370443033054e-05,3.1278370443033054e-05
Mixed_6d.branch7x7dbl_5.bn,"(192,)",1.0,fp2_e1m0,0.0,0.0,0.0,0.0,0.0,0.0,0.0,0.0,0.0,0.0,0.0,0.0,0.0,0.0
Mixed_6d.branch_pool.conv,"(192, 768, 1, 1)",0.7056273818016052,fp8_e1m6,1.534872779984653e-07,0.0005026159342378378,0.00014989590272307396,3.871443186653778e-05,9.848678018897772e-06,2.4607863906567218e-06,6.142097959127568e-07,1.534872779984653e-07,7.683911826461554e-05,5.806824265164323e-05,5.806256376672536e-05,5.806256376672536e-05,5.806256376672536e-05,5.806256376672536e-05
Mixed_6d.branch_pool.bn,"(192,)",1.0,fp2_e1m0,0.0,0.0,0.0,0.0,0.0,0.0,0.0,0.0,0.0,0.0,0.0,0.0,0.0,0.0
Mixed_6e.branch1x1.conv,"(192, 768, 1, 1)",0.8788729906082153,fp8_e1m6,1.866818166718076e-07,0.0005594260292127728,0.00017814221791923046,4.695759344031103e-05,1.1963726137764752e-05,2.9850764349248493e-06,7.520469580413192e-07,1.866818166718076e-07,8.714638534002006e-05,6.222319643711671e-05,6.221500370884314e-05,6.221500370884314e-05,6.221500370884314e-05,6.221500370884314e-05
Mixed_6e.branch1x1.bn,"(192,)",1.0,fp2_e1m0,0.0,0.0,0.0,0.0,0.0,0.0,0.0,0.0,0.0,0.0,0.0,0.0,0.0,0.0
Mixed_6e.branch7x7_1.conv,"(192, 768, 1, 1)",0.7084099650382996,fp8_e1m6,1.6173657968465704e-07,0.0004986909334547818,0.0001498023484600708,4.0137310861609876e-05,1.0272775398334488e-05,2.563145471867756e-06,6.437024353544984e-07,1.6173657968465704e-07,8.138014527503401e-05,6.13146839896217e-05,6.130697875050828e-05,6.130697875050828e-05,6.130697875050828e-05,6.130697875050828e-05
Mixed_6e.branch7x7_1.bn,"(192,)",1.0,fp2_e1m0,0.0,0.0,0.0,0.0,0.0,0.0,0.0,0.0,0.0,0.0,0.0,0.0,0.0,0.0
Mixed_6e.branch7x7_2.conv,"(192, 192, 1, 7)",0.822443425655365,fp8_e1m6,8.286513519806249e-08,0.0002482848649378866,7.630653271917254e-05,1.999438063648995e-05,5.131909802003065e-06,1.3210691349740955e-06,3.296549948572647e-07,8.286513519806249e-08,3.783278589253314e-05,2.7677231628331356e-05,2.767202749964781e-05,2.767202749964781e-05,2.767202749964781e-05,2.767202749964781e-05
Mixed_6e.branch7x7_2.bn,"(192,)",1.0,fp2_e1m0,0.0,0.0,0.0,0.0,0.0,0.0,0.0,0.0,0.0,0.0,0.0,0.0,0.0,0.0
Mixed_6e.branch7x7_3.conv,"(192, 192, 7, 1)",0.4468141794204712,fp8_e1m6,7.785055800013652e-08,0.0002514262159820646,7.618245581397787e-05,1.987212453968823e-05,4.9834434321383014e-06,1.2465277450246504e-06,3.0884552870702464e-07,7.785055800013652e-08,3.845763058052398e-05,2.850081364158541e-05,2.8497888706624508e-05,2.8497888706624508e-05,2.8497888706624508e-05,2.8497888706624508e-05
Mixed_6e.branch7x7_3.bn,"(192,)",1.0,fp2_e1m0,0.0,0.0,0.0,0.0,0.0,0.0,0.0,0.0,0.0,0.0,0.0,0.0,0.0,0.0
Mixed_6e.branch7x7dbl_1.conv,"(192, 768, 1, 1)",0.38193321228027344,fp8_e1m6,1.3596579151453625e-07,0.0004406196821946651,0.00013507292896974832,3.46024171449244e-05,8.703956154931802e-06,2.172040240111528e-06,5.406162131293968e-07,1.3596579151453625e-07,6.657804624410346e-05,4.9599177145864815e-05,4.959451325703412e-05,4.959451325703412e-05,4.959451325703412e-05,4.959451325703412e-05
Mixed_6e.branch7x7dbl_1.bn,"(192,)",1.0,fp2_e1m0,0.0,0.0,0.0,0.0,0.0,0.0,0.0,0.0,0.0,0.0,0.0,0.0,0.0,0.0
Mixed_6e.branch7x7dbl_2.conv,"(192, 192, 7, 1)",0.3394928574562073,fp8_e1m6,8.942066642703139e-08,0.0002909516042564064,8.875762432580814e-05,2.2843536498839967e-05,5.737737410527188e-06,1.429421104148787e-06,3.583478758173442e-07,8.942066642703139e-08,4.069679562235251e-05,2.928182584582828e-05,2.927847162936814e-05,2.927847162936814e-05,2.927847162936814e-05,2.927847162936814e-05
Mixed_6e.branch7x7dbl_2.bn,"(192,)",1.0,fp2_e1m0,0.0,0.0,0.0,0.0,0.0,0.0,0.0,0.0,0.0,0.0,0.0,0.0,0.0,0.0
Mixed_6e.branch7x7dbl_3.conv,"(192, 192, 1, 7)",0.27453020215034485,fp8_e1m6,7.568773696675635e-08,0.00023329476243816316,7.424710929626599e-05,1.9361546947038732e-05,4.848933713219594e-06,1.2155256854384788e-06,3.0236867587518645e-07,7.568773696675635e-08,3.502097388263792e-05,2.4782983018667437e-05,2.4779974410193972e-05,2.4779974410193972e-05,2.4779974410193972e-05,2.4779974410193972e-05
Mixed_6e.branch7x7dbl_3.bn,"(192,)",1.0,fp2_e1m0,0.0,0.0,0.0,0.0,0.0,0.0,0.0,0.0,0.0,0.0,0.0,0.0,0.0,0.0
Mixed_6e.branch7x7dbl_4.conv,"(192, 192, 7, 1)",0.2429252564907074,fp8_e1m6,6.761251825082581e-08,0.0002450294268783182,6.920372834429145e-05,1.7323267456959002e-05,4.3426280171843246e-06,1.0843226618817425e-06,2.711184947656875e-07,6.761251825082581e-08,3.368928810232319e-05,2.604268229333684e-05,2.6040617740363814e-05,2.6040617740363814e-05,2.6040617740363814e-05,2.6040617740363814e-05
Mixed_6e.branch7x7dbl_4.bn,"(192,)",1.0,fp2_e1m0,0.0,0.0,0.0,0.0,0.0,0.0,0.0,0.0,0.0,0.0,0.0,0.0,0.0,0.0
Mixed_6e.branch7x7dbl_5.conv,"(192, 192, 1, 7)",0.253570020198822,fp8_e1m6,5.826973747957709e-08,0.00020428208517841995,5.911081825615838e-05,1.4925608411431313e-05,3.7457793951034546e-06,9.381140557707113e-07,2.326961094922808e-07,5.826973747957709e-08,3.065350028919056e-05,2.383812352491077e-05,2.383622995694168e-05,2.383622995694168e-05,2.383622995694168e-05,2.383622995694168e-05
Mixed_6e.branch7x7dbl_5.bn,"(192,)",1.0,fp2_e1m0,0.0,0.0,0.0,0.0,0.0,0.0,0.0,0.0,0.0,0.0,0.0,0.0,0.0,0.0
Mixed_6e.branch_pool.conv,"(192, 768, 1, 1)",0.45329344272613525,fp8_e1m6,1.9237843673636235e-07,0.0006205571698956192,0.0001930071011884138,4.9343903810949996e-05,1.2328303455433343e-05,3.086830020038178e-06,7.666600936317991e-07,1.9237843673636235e-07,9.38960220082663e-05,6.904074689373374e-05,6.903397297719494e-05,6.903397297719494e-05,6.903397297719494e-05,6.903397297719494e-05
Mixed_6e.branch_pool.bn,"(192,)",1.0,fp2_e1m0,0.0,0.0,0.0,0.0,0.0,0.0,0.0,0.0,0.0,0.0,0.0,0.0,0.0,0.0
AuxLogits.conv0.conv,"(128, 768, 1, 1)",0.4977315664291382,fp8_e1m6,3.455376713645819e-07,0.0008150755311362445,0.00031809278880245984,8.8197470176965e-05,2.2137839550850913e-05,5.585225153481588e-06,1.3971628050057916e-06,3.455376713645819e-07,0.00013508065603673458,7.837501470930874e-05,7.835710130166262e-05,7.835710130166262e-05,7.835710130166262e-05,7.835710130166262e-05
AuxLogits.conv0.bn,"(128,)",1.0,fp2_e1m0,0.0,0.0,0.0,0.0,0.0,0.0,0.0,0.0,0.0,0.0,0.0,0.0,0.0,0.0
AuxLogits.conv1.conv,"(768, 128, 5, 5)",0.08283209055662155,fp8_e1m6,8.909979420934633e-09,3.556385854608379e-05,9.176244020636659e-06,2.289064696014975e-06,5.704503678316541e-07,1.4275002513386426e-07,3.564528938682088e-08,8.909979420934633e-09,6.657660378550645e-06,5.866564606549218e-06,5.86636042498867e-06,5.86636042498867e-06,5.86636042498867e-06,5.86636042498867e-06
AuxLogits.conv1.bn,"(768,)",1.0,fp2_e1m0,0.0,0.0,0.0,0.0,0.0,0.0,0.0,0.0,0.0,0.0,0.0,0.0,0.0,0.0
AuxLogits.fc,"(1000, 768)",0.4237269461154938,fp8_e1m6,3.0135441875245306e-07,0.0010155889904126525,0.0003068728547077626,7.721137808403e-05,1.926393451867625e-05,4.815201009478187e-06,1.2070670436514774e-06,3.0135441875245306e-07,0.0001329672959400341,9.53808194026351e-05,9.537075675325468e-05,9.537075675325468e-05,9.537075675325468e-05,9.537075675325468e-05
Mixed_7a.branch3x3_1.conv,"(192, 768, 1, 1)",0.1902727484703064,fp8_e1m6,7.776532839898209e-08,0.00028260794351808727,7.933493179734796e-05,1.9813354811049066e-05,4.981727670383407e-06,1.2440668797353283e-06,3.1057462024364213e-07,7.776532839898209e-08,3.7487192457774654e-05,2.8706295779556967e-05,2.870388561859727e-05,2.870388561859727e-05,2.870388561859727e-05,2.870388561859727e-05
Mixed_7a.branch3x3_1.bn,"(192,)",1.0,fp2_e1m0,0.0,0.0,0.0,0.0,0.0,0.0,0.0,0.0,0.0,0.0,0.0,0.0,0.0,0.0
Mixed_7a.branch3x3_2.conv,"(320, 192, 3, 3)",0.13423480093479156,fp8_e1m6,1.6983864981057195e-08,5.960456110187806e-05,1.7212711100000888e-05,4.369664566183928e-06,1.0919617352556088e-06,2.716661242629925e-07,6.822630638225746e-08,1.6983864981057195e-08,9.565569598635193e-06,7.589089818793582e-06,7.5885664045927115e-06,7.5885664045927115e-06,7.5885664045927115e-06,7.5885664045927115e-06
Mixed_7a.branch3x3_2.bn,"(320,)",1.0,fp2_e1m0,0.0,0.0,0.0,0.0,0.0,0.0,0.0,0.0,0.0,0.0,0.0,0.0,0.0,0.0
Mixed_7a.branch7x7x3_1.conv,"(192, 768, 1, 1)",0.540887176990509,fp8_e1m6,8.244372651233789e-08,0.00025765146710909903,7.858794560888782e-05,2.0648123609134927e-05,5.3062358347233385e-06,1.3357046100281877e-06,3.2986605447149486e-07,8.244372651233789e-08,3.679691508295946e-05,2.6239644284942187e-05,2.6235866243951023e-05,2.6235866243951023e-05,2.6235866243951023e-05,2.6235866243951023e-05
Mixed_7a.branch7x7x3_1.bn,"(192,)",1.0,fp2_e1m0,0.0,0.0,0.0,0.0,0.0,0.0,0.0,0.0,0.0,0.0,0.0,0.0,0.0,0.0
Mixed_7a.branch7x7x3_2.conv,"(192, 192, 1, 7)",0.22994859516620636,fp8_e1m6,3.704140993932015e-08,0.00011199627624591812,3.60613084922079e-05,9.459672583034262e-06,2.379660600126954e-06,5.899117923036101e-07,1.4825411653873743e-07,3.704140993932015e-08,1.7913120245793834e-05,1.2923036592837889e-05,1.29215031847707e-05,1.29215031847707e-05,1.29215031847707e-05,1.29215031847707e-05
Mixed_7a.branch7x7x3_2.bn,"(192,)",1.0,fp2_e1m0,0.0,0.0,0.0,0.0,0.0,0.0,0.0,0.0,0.0,0.0,0.0,0.0,0.0,0.0
Mixed_7a.branch7x7x3_3.conv,"(192, 192, 7, 1)",0.23708273470401764,fp8_e1m6,4.135337761113078e-08,0.00012260842777322978,4.047274342156015e-05,1.0554332220635843e-05,2.652510829648236e-06,6.60884836634068e-07,1.655001540257217e-07,4.135337761113078e-08,1.928230994963087e-05,1.3595915334008168e-05,1.3594265510619152e-05,1.3594265510619152e-05,1.3594265510619152e-05,1.3594265510619152e-05
Mixed_7a.branch7x7x3_3.bn,"(192,)",1.0,fp2_e1m0,0.0,0.0,0.0,0.0,0.0,0.0,0.0,0.0,0.0,0.0,0.0,0.0,0.0,0.0
Mixed_7a.branch7x7x3_4.conv,"(192, 192, 3, 3)",0.5337554216384888,fp8_e1m6,3.564584716286845e-08,9.497003338765353e-05,3.1707266316516325e-05,8.58175008033868e-06,2.242045866296394e-06,5.746306896980968e-07,1.4412648852157872e-07,3.564584716286845e-08,1.5915897165541537e-05,1.112120571633568e-05,1.1118976544821635e-05,1.1118976544821635e-05,1.1118976544821635e-05,1.1118976544821635e-05
Mixed_7a.branch7x7x3_4.bn,"(192,)",1.0,fp2_e1m0,0.0,0.0,0.0,0.0,0.0,0.0,0.0,0.0,0.0,0.0,0.0,0.0,0.0,0.0
Mixed_7b.branch1x1.conv,"(320, 1280, 1, 1)",0.5411686301231384,fp8_e1m6,5.535329705708136e-08,0.00019189040176570415,5.48300267837476e-05,1.4032076251169201e-05,3.5563480196287856e-06,8.918543130675971e-07,2.22932754923022e-07,5.535329705708136e-08,2.756902904366143e-05,2.1173947970964946e-05,2.1171972548472695e-05,2.1171972548472695e-05,2.1171972548472695e-05,2.1171972548472695e-05
Mixed_7b.branch1x1.bn,"(320,)",1.0,fp2_e1m0,0.0,0.0,0.0,0.0,0.0,0.0,0.0,0.0,0.0,0.0,0.0,0.0,0.0,0.0
Mixed_7b.branch3x3_1.conv,"(384, 1280, 1, 1)",0.306317538022995,fp8_e1m6,6.46710063278988e-08,0.0002305568050360307,6.556295556947589e-05,1.65585515787825e-05,4.162526238360442e-06,1.0325754828954814e-06,2.586962750683597e-07,6.46710063278988e-08,3.281360477558337e-05,2.5406849090359174e-05,2.5404811822227202e-05,2.5404811822227202e-05,2.5404811822227202e-05,2.5404811822227202e-05
Mixed_7b.branch3x3_1.bn,"(384,)",1.0,fp2_e1m0,0.0,0.0,0.0,0.0,0.0,0.0,0.0,0.0,0.0,0.0,0.0,0.0,0.0,0.0
Mixed_7b.branch3x3_2a.conv,"(384, 384, 1, 3)",0.15135997533798218,fp8_e1m6,2.867701098807629e-08,0.00010385210771346465,2.9355032893363386e-05,7.379366252280306e-06,1.8333594198338687e-06,4.5945813553771586e-07,1.1486000772720217e-07,2.867701098807629e-08,1.6821904864627868e-05,1.370696827507345e-05,1.3706165191251785e-05,1.3706165191251785e-05,1.3706165191251785e-05,1.3706165191251785e-05
Mixed_7b.branch3x3_2a.bn,"(384,)",1.0,fp2_e1m0,0.0,0.0,0.0,0.0,0.0,0.0,0.0,0.0,0.0,0.0,0.0,0.0,0.0,0.0
Mixed_7b.branch3x3_2b.conv,"(384, 384, 3, 1)",0.21362386643886566,fp8_e1m6,3.5989902613664526e-08,0.00012948716175742447,3.682016904349439e-05,9.170655175694264e-06,2.2999761313258205e-06,5.737812784900598e-07,1.4335270748233597e-07,3.5989902613664526e-08,2.0988905816921033e-05,1.7049018424586393e-05,1.7047983419615775e-05,1.7047983419615775e-05,1.7047983419615775e-05,1.7047983419615775e-05
Mixed_7b.branch3x3_2b.bn,"(384,)",1.0,fp2_e1m0,0.0,0.0,0.0,0.0,0.0,0.0,0.0,0.0,0.0,0.0,0.0,0.0,0.0,0.0
Mixed_7b.branch3x3dbl_1.conv,"(448, 1280, 1, 1)",0.6834458112716675,fp8_e1m6,6.829505139194225e-08,0.00023260212037712336,6.70647932565771e-05,1.7112326531787403e-05,4.3656950765580405e-06,1.0953053788398392e-06,2.735339421633398e-07,6.829505139194225e-08,3.2489453587913886e-05,2.4530907467124052e-05,2.45283663389273e-05,2.45283663389273e-05,2.45283663389273e-05,2.45283663389273e-05
Mixed_7b.branch3x3dbl_1.bn,"(448,)",1.0,fp2_e1m0,0.0,0.0,0.0,0.0,0.0,0.0,0.0,0.0,0.0,0.0,0.0,0.0,0.0,0.0
Mixed_7b.branch3x3dbl_2.conv,"(384, 448, 3, 3)",0.4088583290576935,fp8_e1m6,1.9761239755666793e-08,7.169282616814598e-05,1.916033033921849e-05,4.924598670186242e-06,1.2557012496472453e-06,3.162822963531653e-07,7.910576016456616e-08,1.9761239755666793e-08,1.0687667781894561e-05,8.647872164146975e-06,8.647111826576293e-06,8.647111826576293e-06,8.647111826576293e-06,8.647111826576293e-06
Mixed_7b.branch3x3dbl_2.bn,"(384,)",1.0,fp2_e1m0,0.0,0.0,0.0,0.0,0.0,0.0,0.0,0.0,0.0,0.0,0.0,0.0,0.0,0.0
Mixed_7b.branch3x3dbl_3a.conv,"(384, 384, 1, 3)",1.1958292722702026,fp8_e1m6,4.311821300007068e-08,0.0001000023985398002,2.9082817491143942e-05,7.983160685398616e-06,2.3109269022825174e-06,6.667298180218495e-07,1.7996538304032583e-07,4.311821300007068e-08,1.6805986888357438e-05,1.300272015214432e-05,1.2996181794733275e-05,1.2996181794733275e-05,1.2996181794733275e-05,1.2996181794733275e-05
Mixed_7b.branch3x3dbl_3a.bn,"(384,)",1.0,fp2_e1m0,0.0,0.0,0.0,0.0,0.0,0.0,0.0,0.0,0.0,0.0,0.0,0.0,0.0,0.0
Mixed_7b.branch3x3dbl_3b.conv,"(384, 384, 3, 1)",0.47312432527542114,fp8_e1m6,4.312649082294229e-08,0.00014520325930789113,4.216277375235222e-05,1.0841444236575626e-05,2.7488711111800512e-06,6.822920681770483e-07,1.7053631040653272e-07,4.312649082294229e-08,2.4101485905703157e-05,1.9096050891675986e-05,1.9094506569672376e-05,1.9094506569672376e-05,1.9094506569672376e-05,1.9094506569672376e-05
Mixed_7b.branch3x3dbl_3b.bn,"(384,)",1.0,fp2_e1m0,0.0,0.0,0.0,0.0,0.0,0.0,0.0,0.0,0.0,0.0,0.0,0.0,0.0,0.0
Mixed_7b.branch_pool.conv,"(192, 1280, 1, 1)",0.3815508782863617,fp8_e1m6,7.864792195277914e-08,0.0002724313526414335,7.765666669001803e-05,1.9976532712462358e-05,5.0099265536118764e-06,1.2513362435129238e-06,3.128112950889772e-07,7.864792195277914e-08,3.9372098399326205e-05,3.0202378184185363e-05,3.0199782486306503e-05,3.0199782486306503e-05,3.0199782486306503e-05,3.0199782486306503e-05
Mixed_7b.branch_pool.bn,"(192,)",1.0,fp2_e1m0,0.0,0.0,0.0,0.0,0.0,0.0,0.0,0.0,0.0,0.0,0.0,0.0,0.0,0.0
Mixed_7c.branch1x1.conv,"(320, 2048, 1, 1)",0.29544252157211304,fp8_e1m6,2.3914470403951782e-08,6.398408731911331e-05,2.1362637198762968e-05,5.933765805821167e-06,1.5269872619683156e-06,3.816517732957436e-07,9.550736024266371e-08,2.3914470403951782e-08,1.0014699910243507e-05,6.584711172763491e-06,6.583395133930026e-06,6.583395133930026e-06,6.583395133930026e-06,6.583395133930026e-06
Mixed_7c.branch1x1.bn,"(320,)",1.0,fp2_e1m0,0.0,0.0,0.0,0.0,0.0,0.0,0.0,0.0,0.0,0.0,0.0,0.0,0.0,0.0
Mixed_7c.branch3x3_1.conv,"(384, 2048, 1, 1)",0.7743735909461975,fp8_e1m6,5.3219054052533465e-08,0.00018204427033197135,5.2652823796961457e-05,1.3485717317962553e-05,3.4043350751744583e-06,8.517988021594647e-07,2.1303445407738764e-07,5.3219054052533465e-08,2.8098764232709073e-05,2.1810614271089435e-05,2.180864248657599e-05,2.180864248657599e-05,2.180864248657599e-05,2.180864248657599e-05
Mixed_7c.branch3x3_1.bn,"(384,)",1.0,fp2_e1m0,0.0,0.0,0.0,0.0,0.0,0.0,0.0,0.0,0.0,0.0,0.0,0.0,0.0,0.0
Mixed_7c.branch3x3_2a.conv,"(384, 384, 1, 3)",0.19424280524253845,fp8_e1m6,3.4843438356801926e-08,5.278404933051206e-05,2.321863576071337e-05,7.928943887236528e-06,2.2257761429500533e-06,5.529350346478168e-07,1.3917667729401728e-07,3.4843438356801926e-08,1.4036516404303256e-05,8.227339094446506e-06,8.224147677537985e-06,8.224147677537985e-06,8.224147677537985e-06,8.224147677537985e-06
Mixed_7c.branch3x3_2a.bn,"(384,)",1.0,fp2_e1m0,0.0,0.0,0.0,0.0,0.0,0.0,0.0,0.0,0.0,0.0,0.0,0.0,0.0,0.0
Mixed_7c.branch3x3_2b.conv,"(384, 384, 3, 1)",0.20295310020446777,fp8_e1m6,3.446877627766298e-08,6.097324512666091e-05,2.5825815100688487e-05,8.308192263939418e-06,2.210819729953073e-06,5.498113750945777e-07,1.3753361827184563e-07,3.446877627766298e-08,1.4345326235343236e-05,8.459150194539689e-06,8.456529030809179e-06,8.456529030809179e-06,8.456529030809179e-06,8.456529030809179e-06
Mixed_7c.branch3x3_2b.bn,"(384,)",1.0,fp2_e1m0,0.0,0.0,0.0,0.0,0.0,0.0,0.0,0.0,0.0,0.0,0.0,0.0,0.0,0.0
Mixed_7c.branch3x3dbl_1.conv,"(448, 2048, 1, 1)",1.269096851348877,fp8_e1m6,6.081840098204339e-08,0.0001914064196171239,5.438860898721032e-05,1.4169349924486596e-05,3.708984422701178e-06,9.646992111811414e-07,2.4419924216090294e-07,6.081840098204339e-08,2.9686889320146292e-05,2.3040969608700834e-05,2.303637666045688e-05,2.303637666045688e-05,2.303637666045688e-05,2.303637666045688e-05
Mixed_7c.branch3x3dbl_1.bn,"(448,)",1.0,fp2_e1m0,0.0,0.0,0.0,0.0,0.0,0.0,0.0,0.0,0.0,0.0,0.0,0.0,0.0,0.0
Mixed_7c.branch3x3dbl_2.conv,"(384, 448, 3, 3)",0.31874215602874756,fp8_e1m6,1.3542347687689471e-08,4.545548654277809e-05,1.30613443616312e-05,3.372198534634663e-06,8.603624905845209e-07,2.1665283611582709e-07,5.4040100394558976e-08,1.3542347687689471e-08,8.295651241496671e-06,6.7825080805050675e-06,6.781938736821758e-06,6.781938736821758e-06,6.781938736821758e-06,6.781938736821758e-06
Mixed_7c.branch3x3dbl_2.bn,"(384,)",1.0,fp2_e1m0,0.0,0.0,0.0,0.0,0.0,0.0,0.0,0.0,0.0,0.0,0.0,0.0,0.0,0.0
Mixed_7c.branch3x3dbl_3a.conv,"(384, 384, 1, 3)",0.14953599870204926,fp8_e1m6,1.7362337345616652e-08,6.106595537858084e-05,1.732154305500444e-05,4.4283378883847035e-06,1.1117471103716525e-06,2.7812907887891924e-07,6.931696105993979e-08,1.7362337345616652e-08,9.551400580676273e-06,7.5301686592865735e-06,7.52961295802379e-06,7.52961295802379e-06,7.52961295802379e-06,7.52961295802379e-06
Mixed_7c.branch3x3dbl_3a.bn,"(384,)",1.0,fp2_e1m0,0.0,0.0,0.0,0.0,0.0,0.0,0.0,0.0,0.0,0.0,0.0,0.0,0.0,0.0
Mixed_7c.branch3x3dbl_3b.conv,"(384, 384, 3, 1)",0.14322634041309357,fp8_e1m6,1.984894737461218e-08,6.944752385606989e-05,1.9940551283070818e-05,5.081251401861664e-06,1.2736310281979968e-06,3.173350933138863e-07,7.950189484517978e-08,1.984894737461218e-08,1.0105048204422928e-05,7.767292117932811e-06,7.76666547608329e-06,7.76666547608329e-06,7.76666547608329e-06,7.76666547608329e-06
Mixed_7c.branch3x3dbl_3b.bn,"(384,)",1.0,fp2_e1m0,0.0,0.0,0.0,0.0,0.0,0.0,0.0,0.0,0.0,0.0,0.0,0.0,0.0,0.0
Mixed_7c.branch_pool.conv,"(192, 2048, 1, 1)",0.31804996728897095,fp8_e1m6,2.998739034865139e-08,0.00010179787932429463,2.9184186132624745e-05,7.530756192863919e-06,1.9263695776317036e-06,4.7583546347595984e-07,1.1966469060098461e-07,2.998739034865139e-08,1.541693927720189e-05,1.2018628694931976e-05,1.2017502740491182e-05,1.2017502740491182e-05,1.2017502740491182e-05,1.2017502740491182e-05
Mixed_7c.branch_pool.bn,"(192,)",1.0,fp2_e1m0,0.0,0.0,0.0,0.0,0.0,0.0,0.0,0.0,0.0,0.0,0.0,0.0,0.0,0.0
fc,"(1000, 2048)",0.2335735708475113,fp8_e1m6,1.1809461852863024e-07,0.0004401257319841534,0.00012289505684748292,3.0304649044410326e-05,7.561591701232828e-06,1.8925622953247512e-06,4.7257771029762807e-07,1.1809461852863024e-07,6.838262197561562e-05,5.5780652473913506e-05,5.577743286266923e-05,5.577743286266923e-05,5.577743286266923e-05,5.577743286266923e-05
